Genome,Ala,Arg,Asn,Asp,Cys,Gln,Glu,Gly,His,Ile,Leu,Lys,Met,Phe,Pro,Sec,Ser,Sup,Thr,Trp,Tyr,Val,fMet,Undetermined,
ZJ_NB_2021_05_15_bin_21,3,6,3,1,1,3,2,3,1,4,7,4,4,2,4,0,4,0,2,1,1,3,0,4,63
SD_DY_2021_06_15_bin_5,2,7,1,3,1,1,2,2,4,2,4,3,2,1,3,0,3,0,2,2,0,2,0,7,54
JS_YC_2021_05_15_bin_1,2,2,2,1,1,2,2,2,1,2,9,2,4,1,2,0,6,0,4,0,1,2,0,4,52
SD_QD_2020_06_15_bin_8,2,3,4,2,2,3,0,2,0,2,1,0,4,1,3,0,1,0,6,2,1,0,0,3,42
SD_QD_2023_07_40_ultra_bin_11,1,4,1,1,1,2,2,2,0,2,4,3,1,1,2,0,2,0,3,1,0,2,0,2,37
GX_BH_2021_04_15_bin_2,2,4,1,1,1,2,1,2,1,2,5,2,1,2,1,0,1,1,1,1,1,2,0,0,35
SD_QD_2020_06_15_bin_10,1,3,4,2,0,1,2,3,1,3,2,2,2,2,1,0,0,0,2,1,1,2,0,0,35
ZJ_WZ_2021_05_15_bin_12,1,2,2,1,1,1,1,3,1,2,5,2,1,0,1,0,2,1,1,1,1,2,0,2,34
JS_LYG_2021_05_15_bin_6,2,3,1,1,1,2,1,2,1,3,3,2,1,1,1,0,3,0,3,0,1,1,0,0,33
SD_QD_2020_06_15_bin_28,3,4,1,1,1,2,2,2,1,1,0,2,2,1,3,0,1,1,3,0,0,1,0,0,32
ZJ_WZ_2021_05_15_bin_15,2,2,2,0,2,0,3,3,0,3,4,0,2,0,0,0,0,0,3,0,1,3,0,1,31
SD_QD_2023_07_60_ultra_bin_18,1,2,2,1,1,1,2,1,1,2,2,1,1,1,1,0,2,0,0,1,0,2,0,0,25
SD_QD_2020_08_15_bin_2,1,2,1,1,1,1,0,2,2,1,1,2,0,1,1,0,0,0,1,1,0,1,0,2,22
JS_LYG_2021_05_15_bin_2,1,1,1,0,2,0,1,1,0,2,1,2,0,0,0,0,3,0,1,2,1,1,0,0,20
SD_QD_2023_07_60_ultra_bin_2,2,2,2,0,0,0,0,1,0,1,0,0,1,0,2,0,2,0,2,0,0,3,0,0,18
SD_QD_2023_07_40_normal_bin_12,1,0,1,1,1,0,1,1,1,0,0,0,0,0,1,0,1,0,1,1,0,0,0,0,11
SD_QD_2020_10_15_bin_4,1,1,1,0,0,0,0,1,0,1,1,0,1,0,1,0,0,0,1,0,0,1,0,0,10
SD_QD_2020_12_15_bin_7,0,0,0,0,0,0,0,1,0,1,2,0,2,0,2,0,0,0,2,0,0,0,0,0,10
SD_QD_2023_07_100_ultra_bin_12,0,2,0,0,0,0,0,2,0,0,0,1,1,0,2,0,1,0,0,1,0,0,0,0,10
GD_ST_2021_04_15_bin_1 ,0,0,0,0,1,0,0,0,0,0,1,0,1,0,0,0,4,0,1,0,0,0,0,0,8
SD_QD_2020_10_15_bin_7,1,1,1,0,0,0,0,1,0,0,0,0,1,0,1,0,1,0,1,0,0,0,0,0,8
SD_QD_2020_12_15_bin_3,1,1,1,0,0,0,0,1,0,0,1,0,1,0,1,0,0,0,1,0,0,0,0,0,8
SD_QD_2020_06_15_bin_46,0,1,0,0,0,0,0,0,0,0,2,0,1,0,1,0,1,0,1,0,0,0,0,0,7
SD_QD_2023_07_80_normal_bin_3,1,1,1,0,0,0,0,1,0,0,0,0,1,0,1,0,0,0,1,0,0,0,0,0,7
ZJ_NB_2021_05_15_bin_2,0,1,1,0,0,0,0,1,0,0,1,0,1,0,1,0,0,0,1,0,0,0,0,0,7
HN_SY_2021_04_15_bin_2,0,0,0,0,0,0,0,0,0,0,0,0,0,0,1,0,1,1,0,0,0,1,0,1,5
HN_SY_2021_04_15_bin_6,0,1,0,0,0,0,0,1,0,1,1,0,0,0,0,0,0,0,0,0,0,0,0,0,4
GX_BH_2021_04_15_bin_1 ,0,1,0,0,0,0,1,0,0,0,0,0,0,0,0,0,0,0,0,0,0,0,0,1,3
SD_QD_2020_06_15_bin_42,0,1,0,0,0,0,0,0,0,0,0,0,0,0,1,0,0,0,1,0,0,0,0,0,3
SD_QD_2023_07_40_ultra_bin_10,0,0,0,0,0,0,0,0,0,0,0,0,0,0,0,0,1,1,0,0,0,0,0,1,3
GD_ZH_2021_05_15_bin_2 ,0,1,0,0,0,0,0,0,0,0,0,0,1,0,0,0,0,0,0,0,0,0,0,0,2
SD_QD_2020_06_15_bin_27,0,0,2,0,0,0,0,0,0,0,0,0,0,0,0,0,0,0,0,0,0,0,0,0,2
SD_QD_2020_06_15_bin_5,0,0,0,0,0,1,0,0,0,0,0,0,0,0,0,0,0,0,0,0,0,0,0,1,2
SD_QD_2023_07_40_ultra_bin_1,0,0,0,0,0,0,0,0,0,0,0,0,0,1,0,0,0,0,0,0,1,0,0,0,2
SD_QD_2023_07_60_ultra_bin_3,0,0,0,0,0,0,0,0,0,0,0,0,0,0,0,0,1,0,0,0,0,0,0,1,2
SD_QD_2023_07_80_normal_bin_5,1,0,0,0,0,0,0,0,0,0,0,0,0,1,0,0,0,0,0,0,0,0,0,0,2
GX_BH_2021_04_15_bin_3,0,0,1,0,0,0,0,0,0,0,0,0,0,0,0,0,0,0,0,0,0,0,0,0,1
SD_QD_2020_06_15_bin_1,0,0,0,0,0,0,0,0,0,1,0,0,0,0,0,0,0,0,0,0,0,0,0,0,1
SD_QD_2023_07_20_normal_bin_4,0,0,0,0,0,0,0,0,0,0,0,0,0,0,0,0,0,0,0,0,0,0,0,1,1
SD_QD_2023_07_60_normal_bin_21,0,0,0,0,0,0,0,0,0,0,1,0,0,0,0,0,0,0,0,0,0,0,0,0,1
SD_QD_2023_07_60_ultra_bin_19,0,0,0,0,0,0,0,0,0,0,0,0,1,0,0,0,0,0,0,0,0,0,0,0,1
SD_QD_2023_07_80_ultra_bin_11,0,0,0,0,0,0,0,0,0,0,0,0,0,0,0,0,0,0,0,0,0,0,0,1,1
ZJ_WZ_2021_05_15_bin_1,0,0,0,0,0,0,0,0,0,0,0,0,0,0,0,0,1,0,0,0,0,0,0,0,1
,,,,,,,,,,,,,,,,,,,,,,,,,0
,,,,,,,,,,,,,,,,,,,,,,,,,0
,,,,,,,,,,,,,,,,,,,,,,,,,0
,,,,,,,,,,,,,,,,,,,,,,,,,0
